[
    {   "text":"Velkommen til City Cykler",
        "text1":"Hos os får du en cykel, der er tilpasset lige præcis til dig. Vi har nemlig bygget cykler gennem generationer, så vi ved hvilke krav en cykel kan blive udsat for i det danske vejr. Vores cykler er bygget på generationers erfaring og solidt håndværk.",
        "text2":"Vi har cyklen til alle i familien. Lige fra barnets første trehjulede cykel til bedstemors turcykel. Vælger du en cykel fra os, så får du en cykel, der giver maksimal køreglæde og derved gør det til en leg at få fælles familieoplevelser på cykel med masser af frisk luft og motion, for vi producerer flotte og funktionelle hverdagscykler til hele familien.",
        "text3":"En god cykel udvikles ikke af sig selv. Den er et resultat af mange års produktudvikling. Som et 100% danskejet firma kender vi det danske klima og kan tilpasse vore cykler til det ved at bruge de bedste materialer og de mest optimale processer i fremstillingen af cykler.",
        "text4":"Vi udvikler og producerer danske kvalitetscykler, der giver dig stor køreglæde, en god funktionalitet og som samtidig lever op til dine krav om holdbarhed og minimal vedligeholdelse. Men samtidig går vi ikke på kompromis med sikkerheden."

    }
]